CCAA,FECHA,CASOS,Hospitalizados,UCI,Fallecidos,Recuperados
AN,20-02-2020,0,0,0,0,0
AN,21-02-2020,0,0,0,0,0
AN,22-02-2020,0,0,0,0,0
AN,23-02-2020,0,0,0,0,0
AN,24-02-2020,0,0,0,0,0
AN,25-02-2020,0,0,0,0,0
AN,26-02-2020,1,0,0,0,0
AN,27-02-2020,5,0,0,0,0
AN,28-02-2020,2,0,0,0,0
AN,29-02-2020,4,0,0,0,0
AN,01-03-2020,0,0,0,0,0
AN,02-03-2020,0,0,0,0,0
AN,03-03-2020,0,0,0,0,0
AN,04-03-2020,0,0,0,0,0
AN,05-03-2020,9,0,0,0,0
AN,06-03-2020,6,0,0,0,0
AN,07-03-2020,7,0,0,0,0
AN,08-03-2020,20,0,1,0,0
AN,09-03-2020,17,0,1,0,0
AN,10-03-2020,19,32,3,0,0
AN,11-03-2020,25,50,4,0,0
AN,12-03-2020,104,92,8,0,0
AN,13-03-2020,50,92,8,2,0
AN,14-03-2020,168,92,8,4,0
AN,15-03-2020,117,197,11,1,0
AN,16-03-2020,129,229,13,4,0
AN,17-03-2020,176,319,21,8,0
AN,18-03-2020,149,384,25,4,0
AN,19-03-2020,279,501,38,7,0
AN,20-03-2020,228,605,53,10,0
AN,21-03-2020,210,724,55,7,0
AN,22-03-2020,236,865,77,11,0
AN,23-03-2020,509,1132,102,29,0
AN,24-03-2020,538,1433,116,26,0
AN,25-03-2020,396,1626,134,21,0
AN,26-03-2020,386,1843,148,10,0
AN,27-03-2020,481,2106,172,31,0
AN,28-03-2020,405,2294,201,32,0
AN,29-03-2020,722,2671,216,29,0
AN,30-03-2020,411,2867,235,12,0
AN,31-03-2020,570,3147,260,60,0
AN,01-04-2020,578,3444,280,35,0
AN,02-04-2020,396,3673,338,33,0
AN,03-04-2020,494,3896,364,50,0
AN,04-04-2020,432,4107,474,44,0
AN,05-04-2020,280,4227,489,21,0
AN,06-04-2020,184,4335,499,37,0
AN,07-04-2020,230,4463,520,77,0
AN,08-04-2020,261,4599,538,47,0
AN,09-04-2020,248,4715,582,39,0
AN,10-04-2020,200,4808,602,46,0
AN,11-04-2020,294,4950,619,62,0
AN,12-04-2020,86,4993,621,16,0
AN,13-04-2020,107,5054,631,21,0
AN,14-04-2020,223,5147,665,29,0
AN,15-04-2020,165,5226,671,47,0
AN,16-04-2020,78,5298,675,28,0
AN,17-04-2020,99,5341,677,27,0
AN,18-04-2020,164,5424,687,26,0
AN,19-04-2020,93,5473,690,20,0
AN,20-04-2020,104,5509,692,4,0
AN,21-04-2020,130,5565,696,33,0
AN,22-04-2020,133,5616,702,29,0
AN,23-04-2020,128,5675,714,28,0
AN,24-04-2020,159,5715,716,24,0
AN,25-04-2020,67,5747,716,14,0
AN,26-04-2020,75,5767,720,12,0
AN,27-04-2020,49,5792,721,11,0
AN,28-04-2020,81,5831,721,20,0
AN,29-04-2020,32,5873,721,19,0
AN,30-04-2020,112,5935,729,31,0
AN,01-05-2020,44,5961,735,15,0
AN,02-05-2020,34,5961,736,3,0
AN,03-05-2020,17,5973,738,7,0
AN,04-05-2020,11,5983,738,4,0
AN,05-05-2020,23,6012,740,14,0
AN,06-05-2020,32,6027,742,13,0
AN,07-05-2020,17,6038,742,7,0
AN,08-05-2020,11,6069,745,16,0
AN,09-05-2020,17,6080,745,3,0
AN,10-05-2020,18,6092,745,2,0
AN,11-05-2020,8,6101,745,4,0
AN,12-05-2020,24,6114,750,6,0
AN,13-05-2020,42,6128,751,4,0
AN,14-05-2020,42,6146,754,8,0
AN,15-05-2020,19,6161,758,11,0
AN,16-05-2020,30,6174,760,3,0
AN,17-05-2020,8,6178,760,0,0
AN,18-05-2020,31,6182,760,9,0
AN,19-05-2020,13,6196,764,4,0
AN,20-05-2020,45,6210,766,4,0
AR,20-02-2020,0,0,0,0,0
AR,21-02-2020,0,0,0,0,0
AR,22-02-2020,0,0,0,0,0
AR,23-02-2020,0,0,0,0,0
AR,24-02-2020,0,0,0,0,0
AR,25-02-2020,0,0,0,0,0
AR,26-02-2020,0,0,0,0,0
AR,27-02-2020,0,0,0,0,0
AR,28-02-2020,0,0,0,0,0
AR,29-02-2020,0,0,0,0,0
AR,01-03-2020,0,0,0,0,0
AR,02-03-2020,0,0,0,0,0
AR,03-03-2020,0,0,0,0,0
AR,04-03-2020,1,0,0,0,0
AR,05-03-2020,0,0,0,0,0
AR,06-03-2020,4,0,0,0,0
AR,07-03-2020,0,0,0,0,0
AR,08-03-2020,2,0,3,3,0
AR,09-03-2020,23,0,3,1,0
AR,10-03-2020,8,22,3,0,0
AR,11-03-2020,7,28,3,2,0
AR,12-03-2020,19,30,3,1,0
AR,13-03-2020,16,42,5,0,0
AR,14-03-2020,41,59,5,0,0
AR,15-03-2020,26,64,7,4,0
AR,16-03-2020,60,74,9,1,0
AR,17-03-2020,19,81,9,1,0
AR,18-03-2020,55,101,14,2,0
AR,19-03-2020,79,127,28,2,0
AR,20-03-2020,64,192,33,5,0
AR,21-03-2020,108,241,45,2,0
AR,22-03-2020,106,298,52,8,0
AR,23-03-2020,120,384,66,5,0
AR,24-03-2020,149,459,75,3,0
AR,25-03-2020,209,562,93,8,0
AR,26-03-2020,222,693,114,10,0
AR,27-03-2020,254,835,124,35,0
AR,28-03-2020,266,835,145,11,0
AR,29-03-2020,220,1094,148,2,0
AR,30-03-2020,194,1176,157,32,0
AR,31-03-2020,219,1234,160,31,0
AR,01-04-2020,209,1320,170,31,0
AR,02-04-2020,189,1431,172,24,0
AR,03-04-2020,189,1505,182,27,0
AR,04-04-2020,154,1588,182,19,0
AR,05-04-2020,115,1637,186,14,0
AR,06-04-2020,102,1663,196,28,0
AR,07-04-2020,100,1716,204,37,0
AR,08-04-2020,136,1765,210,36,0
AR,09-04-2020,146,1822,212,24,0
AR,10-04-2020,138,1860,215,16,0
AR,11-04-2020,101,1901,221,25,0
AR,12-04-2020,117,1938,223,14,0
AR,13-04-2020,58,1966,229,28,0
AR,14-04-2020,93,2006,231,22,0
AR,15-04-2020,73,2108,235,29,0
AR,16-04-2020,78,2151,235,19,0
AR,17-04-2020,62,2180,237,39,0
AR,18-04-2020,57,2216,240,18,0
AR,19-04-2020,46,2244,242,18,0
AR,20-04-2020,30,2271,244,6,0
AR,21-04-2020,77,2304,246,13,0
AR,22-04-2020,72,2340,247,25,0
AR,23-04-2020,34,2359,248,14,0
AR,24-04-2020,55,2372,249,14,0
AR,25-04-2020,33,2395,251,3,0
AR,26-04-2020,30,2403,251,14,0
AR,27-04-2020,19,2425,252,9,0
AR,28-04-2020,38,2454,252,1,0
AR,29-04-2020,49,2477,252,3,0
AR,30-04-2020,25,2494,253,10,0
AR,01-05-2020,20,2503,253,12,0
AR,02-05-2020,28,2519,253,0,0
AR,03-05-2020,24,2526,253,1,0
AR,04-05-2020,19,2539,253,8,0
AR,05-05-2020,24,2552,253,18,0
AR,06-05-2020,27,2564,255,12,0
AR,07-05-2020,16,2578,255,15,0
AR,08-05-2020,17,2583,255,8,0
AR,09-05-2020,25,2588,255,1,0
AR,10-05-2020,20,2595,255,1,0
AR,11-05-2020,23,2606,255,3,0
AR,12-05-2020,13,2614,255,1,0
AR,13-05-2020,17,2625,255,7,0
AR,14-05-2020,43,2637,255,1,0
AR,15-05-2020,24,2648,255,1,0
AR,16-05-2020,22,2655,255,0,0
AR,17-05-2020,25,2659,255,0,0
AR,18-05-2020,17,2667,255,5,0
AR,19-05-2020,31,2434,255,4,0
AR,20-05-2020,37,2442,256,1,0
AS,20-02-2020,0,0,0,0,0
AS,21-02-2020,0,0,0,0,0
AS,22-02-2020,0,0,0,0,0
AS,23-02-2020,0,0,0,0,0
AS,24-02-2020,0,0,0,0,0
AS,25-02-2020,0,0,0,0,0
AS,26-02-2020,0,0,0,0,0
AS,27-02-2020,0,0,0,0,0
AS,28-02-2020,0,0,0,0,0
AS,29-02-2020,1,0,1,0,0
AS,01-03-2020,0,0,1,0,0
AS,02-03-2020,0,1,1,0,0
AS,03-03-2020,1,1,1,0,0
AS,04-03-2020,2,1,1,0,0
AS,05-03-2020,0,4,1,0,0
AS,06-03-2020,3,4,1,0,0
AS,07-03-2020,1,4,1,0,0
AS,08-03-2020,2,7,1,0,0
AS,09-03-2020,5,11,1,0,0
AS,10-03-2020,17,13,2,0,0
AS,11-03-2020,5,15,2,0,0
AS,12-03-2020,3,18,2,1,0
AS,13-03-2020,46,24,2,1,0
AS,14-03-2020,37,28,3,0,0
AS,15-03-2020,37,39,3,0,0
AS,16-03-2020,64,57,6,0,0
AS,17-03-2020,45,78,9,0,0
AS,18-03-2020,41,105,11,0,0
AS,19-03-2020,119,129,13,2,0
AS,20-03-2020,95,155,18,3,0
AS,21-03-2020,45,180,22,5,0
AS,22-03-2020,52,210,25,10,0
AS,23-03-2020,133,251,29,4,0
AS,24-03-2020,58,281,39,3,0
AS,25-03-2020,79,322,48,0,0
AS,26-03-2020,69,370,56,10,0
AS,27-03-2020,77,427,59,5,0
AS,28-03-2020,106,452,63,3,0
AS,29-03-2020,63,491,67,12,0
AS,30-03-2020,89,529,71,7,0
AS,31-03-2020,72,554,79,9,0
AS,01-04-2020,68,602,84,1,0
AS,02-04-2020,69,634,88,4,0
AS,03-04-2020,69,657,91,3,0
AS,04-04-2020,54,674,93,4,0
AS,05-04-2020,54,695,94,6,0
AS,06-04-2020,21,727,96,8,0
AS,07-04-2020,27,747,97,6,0
AS,08-04-2020,45,775,100,6,0
AS,09-04-2020,48,797,100,16,0
AS,10-04-2020,43,831,101,5,0
AS,11-04-2020,84,863,102,16,0
AS,12-04-2020,52,884,105,7,0
AS,13-04-2020,29,902,109,8,0
AS,14-04-2020,59,914,111,7,0
AS,15-04-2020,21,927,112,4,0
AS,16-04-2020,53,966,113,10,0
AS,17-04-2020,23,980,113,4,0
AS,18-04-2020,17,988,114,7,0
AS,19-04-2020,10,993,115,2,0
AS,20-04-2020,7,999,116,4,0
AS,21-04-2020,10,1007,116,8,0
AS,22-04-2020,11,1009,116,11,0
AS,23-04-2020,4,1012,117,6,0
AS,24-04-2020,4,1020,117,7,0
AS,25-04-2020,12,1022,117,8,0
AS,26-04-2020,2,1028,117,5,0
AS,27-04-2020,6,1035,117,4,0
AS,28-04-2020,15,1041,117,7,0
AS,29-04-2020,11,1047,117,4,0
AS,30-04-2020,15,1048,118,1,0
AS,01-05-2020,1,1052,120,6,0
AS,02-05-2020,2,1055,120,0,0
AS,03-05-2020,2,1057,120,4,0
AS,04-05-2020,1,1061,120,1,0
AS,05-05-2020,6,1068,120,3,0
AS,06-05-2020,8,1072,121,1,0
AS,07-05-2020,8,1076,121,1,0
AS,08-05-2020,6,1077,121,0,0
AS,09-05-2020,2,1080,121,3,0
AS,10-05-2020,4,1080,121,5,0
AS,11-05-2020,2,1080,121,2,0
AS,12-05-2020,4,1080,121,2,0
AS,13-05-2020,1,1084,121,1,0
AS,14-05-2020,7,1087,121,5,0
AS,15-05-2020,2,1087,121,1,0
AS,16-05-2020,0,1087,121,0,0
AS,17-05-2020,4,1088,121,2,0
AS,18-05-2020,3,1088,121,2,0
AS,19-05-2020,1,1089,121,1,0
AS,20-05-2020,0,1089,121,3,0
IB,20-02-2020,0,0,0,0,0
IB,21-02-2020,0,0,0,0,0
IB,22-02-2020,0,0,0,0,0
IB,23-02-2020,0,0,0,0,0
IB,24-02-2020,0,0,0,0,0
IB,25-02-2020,0,0,0,0,0
IB,26-02-2020,0,0,0,0,0
IB,27-02-2020,0,0,0,0,0
IB,28-02-2020,1,0,0,0,0
IB,29-02-2020,0,0,0,0,0
IB,01-03-2020,0,0,0,0,0
IB,02-03-2020,0,0,0,0,0
IB,03-03-2020,3,0,0,0,0
IB,04-03-2020,1,0,0,0,0
IB,05-03-2020,0,0,0,0,0
IB,06-03-2020,0,0,0,0,0
IB,07-03-2020,2,0,0,0,0
IB,08-03-2020,3,0,1,0,0
IB,09-03-2020,2,0,1,0,0
IB,10-03-2020,3,8,1,0,0
IB,11-03-2020,6,8,2,1,0
IB,12-03-2020,6,8,2,0,0
IB,13-03-2020,0,8,2,0,0
IB,14-03-2020,14,8,2,0,0
IB,15-03-2020,31,21,4,0,0
IB,16-03-2020,19,26,4,0,0
IB,17-03-2020,20,29,4,0,0
IB,18-03-2020,57,31,7,1,0
IB,19-03-2020,34,48,10,0,0
IB,20-03-2020,43,60,14,2,0
IB,21-03-2020,85,79,14,0,0
IB,22-03-2020,69,87,27,6,0
IB,23-03-2020,78,127,35,0,0
IB,24-03-2020,84,164,40,3,0
IB,25-03-2020,98,205,43,4,0
IB,26-03-2020,95,237,46,5,0
IB,27-03-2020,107,283,59,4,0
IB,28-03-2020,96,344,71,3,0
IB,29-03-2020,42,352,80,8,0
IB,30-03-2020,69,398,85,5,0
IB,31-03-2020,62,467,94,4,0
IB,01-04-2020,73,516,104,12,0
IB,02-04-2020,53,586,111,11,0
IB,03-04-2020,14,633,113,2,0
IB,04-04-2020,22,663,119,4,0
IB,05-04-2020,27,681,120,6,0
IB,06-04-2020,49,703,123,3,0
IB,07-04-2020,43,729,128,5,0
IB,08-04-2020,36,749,131,0,0
IB,09-04-2020,40,775,135,8,0
IB,10-04-2020,19,776,136,5,0
IB,11-04-2020,27,803,141,10,0
IB,12-04-2020,16,809,142,5,0
IB,13-04-2020,21,824,144,1,0
IB,14-04-2020,34,854,147,7,0
IB,15-04-2020,31,869,150,6,0
IB,16-04-2020,31,902,150,3,0
IB,17-04-2020,56,934,155,14,0
IB,18-04-2020,16,952,158,7,0
IB,19-04-2020,9,960,159,2,0
IB,20-04-2020,18,983,159,4,0
IB,21-04-2020,20,1001,163,3,0
IB,22-04-2020,19,1018,162,4,0
IB,23-04-2020,14,1036,162,4,0
IB,24-04-2020,26,1053,162,2,0
IB,25-04-2020,7,1057,162,1,0
IB,26-04-2020,5,1057,162,4,0
IB,27-04-2020,11,1069,162,2,0
IB,28-04-2020,9,1074,162,4,0
IB,29-04-2020,4,1077,163,3,0
IB,30-04-2020,11,1085,163,5,0
IB,01-05-2020,6,1089,163,4,0
IB,02-05-2020,6,1094,163,0,0
IB,03-05-2020,0,1097,163,0,0
IB,04-05-2020,2,1105,164,1,0
IB,05-05-2020,11,1117,164,1,0
IB,06-05-2020,8,1121,164,2,0
IB,07-05-2020,6,1121,164,1,0
IB,08-05-2020,9,1121,165,5,0
IB,09-05-2020,6,1121,165,2,0
IB,10-05-2020,3,1121,165,0,0
IB,11-05-2020,0,1122,166,1,0
IB,12-05-2020,4,1127,168,5,0
IB,13-05-2020,1,1127,168,1,0
IB,14-05-2020,9,1132,168,0,0
IB,15-05-2020,17,1132,168,0,0
IB,16-05-2020,9,1134,168,2,0
IB,17-05-2020,2,1134,168,0,0
IB,18-05-2020,12,1137,168,1,0
IB,19-05-2020,13,1142,168,2,0
IB,20-05-2020,8,1144,169,0,0
CN,20-02-2020,0,0,0,0,0
CN,21-02-2020,0,0,0,0,0
CN,22-02-2020,0,0,0,0,0
CN,23-02-2020,0,0,0,0,0
CN,24-02-2020,1,0,0,0,0
CN,25-02-2020,3,0,0,0,0
CN,26-02-2020,1,0,0,0,0
CN,27-02-2020,0,0,0,0,0
CN,28-02-2020,0,0,0,0,0
CN,29-02-2020,1,0,0,0,0
CN,01-03-2020,0,0,0,0,0
CN,02-03-2020,0,0,0,0,0
CN,03-03-2020,0,0,0,0,0
CN,04-03-2020,1,0,0,0,0
CN,05-03-2020,3,0,0,0,0
CN,06-03-2020,0,0,0,0,0
CN,07-03-2020,6,0,0,0,0
CN,08-03-2020,5,0,0,0,0
CN,09-03-2020,3,0,1,0,0
CN,10-03-2020,12,10,1,0,0
CN,11-03-2020,14,15,3,0,0
CN,12-03-2020,19,15,3,0,0
CN,13-03-2020,20,15,6,1,0
CN,14-03-2020,19,15,6,0,0
CN,15-03-2020,10,40,9,0,0
CN,16-03-2020,29,56,13,1,0
CN,17-03-2020,33,73,17,1,0
CN,18-03-2020,39,82,23,0,0
CN,19-03-2020,67,115,25,1,0
CN,20-03-2020,61,139,29,3,0
CN,21-03-2020,66,150,32,2,0
CN,22-03-2020,67,172,32,2,0
CN,23-03-2020,76,207,36,5,0
CN,24-03-2020,100,235,43,5,0
CN,25-03-2020,127,279,45,3,0
CN,26-03-2020,94,328,61,3,0
CN,27-03-2020,147,377,68,9,0
CN,28-03-2020,100,425,78,3,0
CN,29-03-2020,79,444,84,1,0
CN,30-03-2020,58,483,94,15,0
CN,31-03-2020,118,532,110,7,0
CN,01-04-2020,64,566,113,6,0
CN,02-04-2020,46,605,120,5,0
CN,03-04-2020,74,632,128,5,0
CN,04-04-2020,58,644,129,2,0
CN,05-04-2020,27,651,133,5,0
CN,06-04-2020,76,689,137,4,0
CN,07-04-2020,37,703,138,2,0
CN,08-04-2020,72,730,140,1,0
CN,09-04-2020,24,738,141,2,0
CN,10-04-2020,29,745,144,1,0
CN,11-04-2020,31,758,144,0,0
CN,12-04-2020,26,763,145,1,0
CN,13-04-2020,14,771,147,6,0
CN,14-04-2020,17,781,152,2,0
CN,15-04-2020,13,802,156,3,0
CN,16-04-2020,21,811,159,4,0
CN,17-04-2020,26,822,160,4,0
CN,18-04-2020,12,825,162,4,0
CN,19-04-2020,20,826,163,0,0
CN,20-04-2020,18,837,164,1,0
CN,21-04-2020,9,841,164,1,0
CN,22-04-2020,19,855,169,0,0
CN,23-04-2020,27,868,169,7,0
CN,24-04-2020,15,878,171,2,0
CN,25-04-2020,12,880,171,1,0
CN,26-04-2020,11,881,171,0,0
CN,27-04-2020,9,900,174,2,0
CN,28-04-2020,15,906,175,1,0
CN,29-04-2020,3,909,175,1,0
CN,30-04-2020,1,914,175,1,0
CN,01-05-2020,6,918,175,4,0
CN,02-05-2020,9,919,175,0,0
CN,03-05-2020,4,919,175,1,0
CN,04-05-2020,6,920,176,1,0
CN,05-05-2020,0,920,176,1,0
CN,06-05-2020,4,921,176,1,0
CN,07-05-2020,5,927,176,4,0
CN,08-05-2020,10,935,178,0,0
CN,09-05-2020,8,935,178,0,0
CN,10-05-2020,2,936,178,1,0
CN,11-05-2020,8,937,178,2,0
CN,12-05-2020,3,937,178,0,0
CN,13-05-2020,4,937,178,0,0
CN,14-05-2020,5,938,178,0,0
CN,15-05-2020,4,939,178,0,0
CN,16-05-2020,5,939,178,0,0
CN,17-05-2020,5,942,178,2,0
CN,18-05-2020,0,942,178,2,0
CN,19-05-2020,6,943,179,0,0
CN,20-05-2020,7,944,179,0,0
CB,20-02-2020,0,0,0,0,0
CB,21-02-2020,0,0,0,0,0
CB,22-02-2020,0,0,0,0,0
CB,23-02-2020,0,0,0,0,0
CB,24-02-2020,0,0,0,0,0
CB,25-02-2020,0,0,0,0,0
CB,26-02-2020,0,0,0,0,0
CB,27-02-2020,0,0,0,0,0
CB,28-02-2020,0,0,0,0,0
CB,29-02-2020,1,0,0,0,0
CB,01-03-2020,9,0,0,0,0
CB,02-03-2020,0,0,0,0,0
CB,03-03-2020,0,0,0,0,0
CB,04-03-2020,0,0,0,0,0
CB,05-03-2020,0,0,0,0,0
CB,06-03-2020,0,0,0,0,0
CB,07-03-2020,2,0,0,0,0
CB,08-03-2020,0,0,0,0,0
CB,09-03-2020,0,0,0,0,0
CB,10-03-2020,0,0,0,0,0
CB,11-03-2020,4,3,0,0,0
CB,12-03-2020,13,3,0,0,0
CB,13-03-2020,2,3,0,0,0
CB,14-03-2020,20,3,0,0,0
CB,15-03-2020,7,18,2,0,0
CB,16-03-2020,0,18,2,0,0
CB,17-03-2020,10,25,3,1,0
CB,18-03-2020,15,40,4,0,0
CB,19-03-2020,61,61,7,0,0
CB,20-03-2020,71,92,9,1,0
CB,21-03-2020,67,116,9,3,0
CB,22-03-2020,65,157,14,1,0
CB,23-03-2020,78,200,16,3,0
CB,24-03-2020,85,241,18,5,0
CB,25-03-2020,161,300,26,3,0
CB,26-03-2020,139,355,29,4,0
CB,27-03-2020,127,406,37,1,0
CB,28-03-2020,86,449,40,4,0
CB,29-03-2020,77,481,46,1,0
CB,30-03-2020,71,522,50,10,0
CB,31-03-2020,42,543,54,17,0
CB,01-04-2020,55,567,57,6,0
CB,02-04-2020,53,592,59,4,0
CB,03-04-2020,63,619,60,4,0
CB,04-04-2020,57,639,62,0,0
CB,05-04-2020,42,658,65,9,0
CB,06-04-2020,18,677,66,8,0
CB,07-04-2020,71,700,69,7,0
CB,08-04-2020,47,720,71,6,0
CB,09-04-2020,40,747,73,4,0
CB,10-04-2020,60,773,75,5,0
CB,11-04-2020,33,805,75,3,0
CB,12-04-2020,25,827,75,7,0
CB,13-04-2020,19,853,76,3,0
CB,14-04-2020,27,873,76,12,0
CB,15-04-2020,22,890,77,5,0
CB,16-04-2020,39,903,78,7,0
CB,17-04-2020,106,911,78,5,0
CB,18-04-2020,0,924,78,4,0
CB,19-04-2020,24,934,78,5,0
CB,20-04-2020,25,948,78,7,0
CB,21-04-2020,14,956,78,2,0
CB,22-04-2020,11,965,78,6,0
CB,23-04-2020,32,978,78,5,0
CB,24-04-2020,16,982,78,4,0
CB,25-04-2020,12,991,78,1,0
CB,26-04-2020,21,995,78,3,0
CB,27-04-2020,11,1000,78,2,0
CB,28-04-2020,31,1006,79,3,0
CB,29-04-2020,27,1007,79,0,0
CB,30-04-2020,11,1009,79,1,0
CB,01-05-2020,17,1009,79,1,0
CB,02-05-2020,4,1010,79,2,0
CB,03-05-2020,1,1011,79,2,0
CB,04-05-2020,1,1015,79,1,0
CB,05-05-2020,6,1018,79,1,0
CB,06-05-2020,7,1020,79,1,0
CB,07-05-2020,12,1022,79,1,0
CB,08-05-2020,9,1023,79,0,0
CB,09-05-2020,3,1027,79,0,0
CB,10-05-2020,1,1027,79,0,0
CB,11-05-2020,1,1027,79,2,0
CB,12-05-2020,10,1029,79,2,0
CB,13-05-2020,0,1030,79,0,0
CB,14-05-2020,7,1031,79,1,0
CB,15-05-2020,2,1032,79,0,0
CB,16-05-2020,3,1033,79,1,0
CB,17-05-2020,3,1035,79,0,0
CB,18-05-2020,2,1035,79,1,0
CB,19-05-2020,4,1036,79,1,0
CB,20-05-2020,2,1036,79,0,0
CM,20-02-2020,0,0,0,0,0
CM,21-02-2020,0,0,0,0,0
CM,22-02-2020,0,0,0,0,0
CM,23-02-2020,0,0,0,0,0
CM,24-02-2020,0,0,0,0,0
CM,25-02-2020,0,0,0,0,0
CM,26-02-2020,0,0,0,0,0
CM,27-02-2020,0,0,0,0,0
CM,28-02-2020,0,0,0,0,0
CM,29-02-2020,1,0,0,0,0
CM,01-03-2020,2,0,0,0,0
CM,02-03-2020,4,0,0,0,0
CM,03-03-2020,5,0,0,0,0
CM,04-03-2020,1,0,0,0,0
CM,05-03-2020,2,0,0,0,0
CM,06-03-2020,0,0,0,0,0
CM,07-03-2020,0,0,0,0,0
CM,08-03-2020,11,21,2,0,0
CM,09-03-2020,13,31,3,0,0
CM,10-03-2020,32,46,5,0,0
CM,11-03-2020,44,72,9,1,0
CM,12-03-2020,79,128,10,4,0
CM,13-03-2020,95,191,22,1,0
CM,14-03-2020,112,247,56,4,0
CM,15-03-2020,166,319,78,7,0
CM,16-03-2020,0,402,95,0,0
CM,17-03-2020,108,498,123,11,0
CM,18-03-2020,126,633,161,14,0
CM,19-03-2020,243,751,180,0,0
CM,20-03-2020,379,998,208,42,0
CM,21-03-2020,396,1126,249,28,0
CM,22-03-2020,259,1410,266,33,0
CM,23-03-2020,387,1751,306,71,0
CM,24-03-2020,315,1980,334,47,0
CM,25-03-2020,603,2266,351,53,0
CM,26-03-2020,551,2673,367,51,0
CM,27-03-2020,578,3106,383,81,0
CM,28-03-2020,734,3430,393,91,0
CM,29-03-2020,612,3698,403,83,0
CM,30-03-2020,566,4187,408,86,0
CM,31-03-2020,623,4590,417,66,0
CM,01-04-2020,635,4982,424,80,0
CM,02-04-2020,841,5306,431,62,0
CM,03-04-2020,801,5556,437,73,0
CM,04-04-2020,707,5774,441,66,0
CM,05-04-2020,571,5967,445,77,0
CM,06-04-2020,475,6203,451,45,0
CM,07-04-2020,711,6449,454,78,0
CM,08-04-2020,701,6622,460,67,0
CM,09-04-2020,574,6803,466,109,0
CM,10-04-2020,393,6907,470,52,0
CM,11-04-2020,242,7040,473,60,0
CM,12-04-2020,356,7782,475,83,0
CM,13-04-2020,275,7830,486,88,0
CM,14-04-2020,351,7896,495,41,0
CM,15-04-2020,471,7987,503,41,0
CM,16-04-2020,846,8018,511,56,0
CM,17-04-2020,352,8093,514,61,0
CM,18-04-2020,0,8137,518,50,0
CM,19-04-2020,137,8173,531,58,0
CM,20-04-2020,211,8199,534,54,0
CM,21-04-2020,117,8243,537,65,0
CM,22-04-2020,75,8304,546,48,0
CM,23-04-2020,237,8342,553,67,0
CM,24-04-2020,144,8385,559,37,0
CM,25-04-2020,100,8417,565,38,0
CM,26-04-2020,55,8444,579,35,0
CM,27-04-2020,42,8464,584,31,0
CM,28-04-2020,79,8523,588,40,0
CM,29-04-2020,47,8567,592,27,0
CM,30-04-2020,78,8618,596,35,0
CM,01-05-2020,57,8645,601,36,0
CM,02-05-2020,50,8676,604,31,0
CM,03-05-2020,33,8698,606,25,0
CM,04-05-2020,30,8725,609,26,0
CM,05-05-2020,64,8765,612,31,0
CM,06-05-2020,40,8796,613,30,0
CM,07-05-2020,53,8828,617,36,0
CM,08-05-2020,41,8867,621,25,0
CM,09-05-2020,65,8895,623,21,0
CM,10-05-2020,44,8918,624,27,0
CM,11-05-2020,44,8940,629,25,0
CM,12-05-2020,22,8963,632,24,0
CM,13-05-2020,17,8980,634,17,0
CM,14-05-2020,43,9001,635,18,0
CM,15-05-2020,74,9027,636,13,0
CM,16-05-2020,31,9054,637,10,0
CM,17-05-2020,30,9066,637,5,0
CM,18-05-2020,29,9082,638,2,0
CM,19-05-2020,62,9122,639,13,0
CM,20-05-2020,50,9138,639,6,0
CL,20-02-2020,0,0,0,0,0
CL,21-02-2020,0,0,0,0,0
CL,22-02-2020,0,0,0,0,0
CL,23-02-2020,0,0,0,0,0
CL,24-02-2020,0,0,0,0,0
CL,25-02-2020,0,0,0,0,0
CL,26-02-2020,0,0,0,0,0
CL,27-02-2020,2,0,0,0,0
CL,28-02-2020,0,0,0,0,0
CL,29-02-2020,1,0,0,0,0
CL,01-03-2020,0,0,0,0,0
CL,02-03-2020,5,0,0,0,0
CL,03-03-2020,3,0,0,0,0
CL,04-03-2020,0,0,0,0,0
CL,05-03-2020,3,0,0,0,0
CL,06-03-2020,0,0,0,0,0
CL,07-03-2020,8,0,0,0,0
CL,08-03-2020,1,0,2,0,0
CL,09-03-2020,33,0,2,0,0
CL,10-03-2020,15,24,5,0,0
CL,11-03-2020,21,25,7,0,0
CL,12-03-2020,77,25,8,1,0
CL,13-03-2020,54,25,15,2,0
CL,14-03-2020,69,45,22,3,0
CL,15-03-2020,42,95,29,3,0
CL,16-03-2020,97,95,36,3,0
CL,17-03-2020,237,281,50,10,0
CL,18-03-2020,200,362,63,7,0
CL,19-03-2020,279,476,75,14,0
CL,20-03-2020,319,629,96,12,0
CL,21-03-2020,278,798,111,19,0
CL,22-03-2020,311,977,130,28,0
CL,23-03-2020,405,1197,151,22,0
CL,24-03-2020,480,1457,179,41,0
CL,25-03-2020,548,1823,198,41,0
CL,26-03-2020,644,2214,215,46,0
CL,27-03-2020,659,2648,238,69,0
CL,28-03-2020,623,3160,261,59,0
CL,29-03-2020,387,3411,272,62,0
CL,30-03-2020,410,3629,294,74,0
CL,31-03-2020,636,3951,318,69,0
CL,01-04-2020,508,4207,332,56,0
CL,02-04-2020,520,4472,342,82,0
CL,03-04-2020,457,4685,351,63,0
CL,04-04-2020,417,4905,361,61,0
CL,05-04-2020,367,5041,368,72,0
CL,06-04-2020,465,5180,375,63,0
CL,07-04-2020,477,5322,386,46,0
CL,08-04-2020,460,5523,399,54,0
CL,09-04-2020,584,5674,407,47,0
CL,10-04-2020,441,5817,414,51,0
CL,11-04-2020,575,5957,418,41,0
CL,12-04-2020,510,6077,423,42,0
CL,13-04-2020,552,6175,432,36,0
CL,14-04-2020,517,6306,440,38,0
CL,15-04-2020,683,6449,445,35,0
CL,16-04-2020,523,6518,449,29,0
CL,17-04-2020,390,6831,495,28,0
CL,18-04-2020,0,6981,498,29,0
CL,19-04-2020,137,7080,501,35,0
CL,20-04-2020,170,7174,503,28,0
CL,21-04-2020,190,7264,505,33,0
CL,22-04-2020,369,7397,508,28,0
CL,23-04-2020,182,7506,510,30,0
CL,24-04-2020,298,7555,511,27,0
CL,25-04-2020,232,7653,515,27,0
CL,26-04-2020,182,7703,518,24,0
CL,27-04-2020,185,7777,522,20,0
CL,28-04-2020,101,7854,524,26,0
CL,29-04-2020,195,7957,528,16,0
CL,30-04-2020,108,8010,531,18,0
CL,01-05-2020,172,8054,531,18,0
CL,02-05-2020,118,8085,533,12,0
CL,03-05-2020,51,8123,534,18,0
CL,04-05-2020,95,8153,537,14,0
CL,05-05-2020,91,8246,538,15,0
CL,06-05-2020,105,8300,541,17,0
CL,07-05-2020,91,8357,543,12,0
CL,08-05-2020,106,8394,546,9,0
CL,09-05-2020,130,8468,546,12,0
CL,10-05-2020,43,8482,547,8,0
CL,11-05-2020,53,8493,547,9,0
CL,12-05-2020,57,8517,547,5,0
CL,13-05-2020,68,8560,548,6,0
CL,14-05-2020,99,8595,548,5,0
CL,15-05-2020,97,8649,549,10,0
CL,16-05-2020,101,8690,550,6,0
CL,17-05-2020,42,8717,551,7,0
CL,18-05-2020,37,8729,551,7,0
CL,19-05-2020,37,8734,555,0,0
CL,20-05-2020,41,8735,561,0,0
CT,20-02-2020,0,0,0,0,0
CT,21-02-2020,0,0,0,0,0
CT,22-02-2020,0,0,0,0,0
CT,23-02-2020,0,0,0,0,0
CT,24-02-2020,0,0,0,0,0
CT,25-02-2020,1,0,0,0,0
CT,26-02-2020,1,0,0,0,0
CT,27-02-2020,1,0,0,0,0
CT,28-02-2020,2,0,0,0,0
CT,29-02-2020,1,0,0,0,0
CT,01-03-2020,9,0,0,0,0
CT,02-03-2020,0,0,0,0,0
CT,03-03-2020,0,0,0,0,0
CT,04-03-2020,9,0,0,0,0
CT,05-03-2020,0,0,0,0,0
CT,06-03-2020,0,0,0,0,0
CT,07-03-2020,25,0,0,0,0
CT,08-03-2020,10,16,5,2,0
CT,09-03-2020,23,31,7,0,0
CT,10-03-2020,41,50,8,1,0
CT,11-03-2020,79,74,16,3,0
CT,12-03-2020,147,137,22,3,0
CT,13-03-2020,209,200,29,4,0
CT,14-03-2020,184,287,40,2,0
CT,15-03-2020,275,375,52,5,0
CT,16-03-2020,397,525,73,3,0
CT,17-03-2020,452,679,101,10,0
CT,18-03-2020,836,825,118,20,0
CT,19-03-2020,568,994,175,40,0
CT,20-03-2020,933,1681,271,50,0
CT,21-03-2020,843,1917,290,39,0
CT,22-03-2020,701,2158,308,17,0
CT,23-03-2020,2117,3209,471,94,0
CT,24-03-2020,2073,4349,713,92,0
CT,25-03-2020,1655,5371,764,116,0
CT,26-03-2020,1348,6714,972,184,0
CT,27-03-2020,1323,7954,1036,142,0
CT,28-03-2020,762,8447,1080,77,0
CT,29-03-2020,1079,9126,1150,79,0
CT,30-03-2020,2416,9925,1218,233,0
CT,31-03-2020,1471,11446,1345,242,0
CT,01-04-2020,1813,12398,1415,171,0
CT,02-04-2020,1656,13101,1482,155,0
CT,03-04-2020,1274,14251,1569,144,0
CT,04-04-2020,1298,14798,1653,125,0
CT,05-04-2020,792,15258,1685,114,0
CT,06-04-2020,1499,15643,1740,162,0
CT,07-04-2020,1324,16235,1829,133,0
CT,08-04-2020,1396,16970,1946,205,0
CT,09-04-2020,781,17780,1966,120,0
CT,10-04-2020,1160,18194,1989,90,0
CT,11-04-2020,1043,18772,2018,98,0
CT,12-04-2020,699,18963,2084,130,0
CT,13-04-2020,471,19224,2102,96,0
CT,14-04-2020,1308,20264,2189,252,0
CT,15-04-2020,849,20553,2252,165,0
CT,16-04-2020,962,21242,2305,134,0
CT,17-04-2020,1627,22013,2349,127,0
CT,18-04-2020,505,22235,2395,54,0
CT,19-04-2020,1228,22375,2409,76,0
CT,20-04-2020,1436,22796,2437,143,0
CT,21-04-2020,690,23295,2460,95,0
CT,22-04-2020,1090,23647,2478,96,0
CT,23-04-2020,652,24130,2569,50,0
CT,24-04-2020,717,24420,2576,105,0
CT,25-04-2020,550,25665,2583,68,0
CT,26-04-2020,944,25799,2724,133,0
CT,27-04-2020,403,26230,2750,109,0
CT,28-04-2020,496,26546,2768,97,0
CT,29-04-2020,262,26763,2784,70,0
CT,30-04-2020,391,26932,2795,86,0
CT,01-05-2020,543,27049,2811,76,0
CT,02-05-2020,384,27257,2844,48,0
CT,03-05-2020,132,27321,2847,35,0
CT,04-05-2020,405,27745,2856,50,0
CT,05-05-2020,153,28085,2871,75,0
CT,06-05-2020,266,28248,2891,49,0
CT,07-05-2020,543,28608,2949,77,0
CT,08-05-2020,202,28687,2950,36,0
CT,09-05-2020,227,28784,2951,25,0
CT,10-05-2020,2645,28820,2952,23,0
CT,11-05-2020,337,29138,2952,66,0
CT,12-05-2020,143,29267,2953,71,0
CT,13-05-2020,26,29305,2954,131,0
CT,14-05-2020,249,29339,2955,59,0
CT,15-05-2020,123,29339,2956,33,0
CT,16-05-2020,139,29400,2957,29,0
CT,17-05-2020,97,29421,2957,12,0
CT,18-05-2020,0,29459,2960,25,0
CT,19-05-2020,63,29497,2969,40,0
CT,20-05-2020,0,29497,2969,0,0
CE,20-02-2020,0,0,0,0,0
CE,21-02-2020,0,0,0,0,0
CE,22-02-2020,0,0,0,0,0
CE,23-02-2020,0,0,0,0,0
CE,24-02-2020,0,0,0,0,0
CE,25-02-2020,0,0,0,0,0
CE,26-02-2020,0,0,0,0,0
CE,27-02-2020,0,0,0,0,0
CE,28-02-2020,0,0,0,0,0
CE,29-02-2020,0,0,0,0,0
CE,01-03-2020,0,0,0,0,0
CE,02-03-2020,0,0,0,0,0
CE,03-03-2020,0,0,0,0,0
CE,04-03-2020,0,0,0,0,0
CE,05-03-2020,0,0,0,0,0
CE,06-03-2020,0,0,0,0,0
CE,07-03-2020,0,0,0,0,0
CE,08-03-2020,0,0,0,0,0
CE,09-03-2020,0,0,0,0,0
CE,10-03-2020,0,0,0,0,0
CE,11-03-2020,0,0,0,0,0
CE,12-03-2020,0,0,0,0,0
CE,13-03-2020,0,0,0,0,0
CE,14-03-2020,1,0,0,0,0
CE,15-03-2020,0,0,0,0,0
CE,16-03-2020,0,0,0,0,0
CE,17-03-2020,0,0,0,0,0
CE,18-03-2020,0,0,0,0,0
CE,19-03-2020,4,0,0,0,0
CE,20-03-2020,0,0,0,0,0
CE,21-03-2020,0,0,0,0,0
CE,22-03-2020,1,0,0,0,0
CE,23-03-2020,0,0,0,0,0
CE,24-03-2020,3,2,1,0,0
CE,25-03-2020,1,2,2,0,0
CE,26-03-2020,7,2,2,0,0
CE,27-03-2020,0,2,2,1,0
CE,28-03-2020,4,2,2,0,0
CE,29-03-2020,4,2,2,0,0
CE,30-03-2020,9,3,3,0,0
CE,31-03-2020,17,6,3,0,0
CE,01-04-2020,4,7,3,0,0
CE,02-04-2020,7,8,3,0,0
CE,03-04-2020,11,8,4,0,0
CE,04-04-2020,10,9,4,1,0
CE,05-04-2020,0,9,4,1,0
CE,06-04-2020,0,9,4,1,0
CE,07-04-2020,1,9,4,0,0
CE,08-04-2020,0,9,4,0,0
CE,09-04-2020,7,9,4,0,0
CE,10-04-2020,2,9,4,0,0
CE,11-04-2020,0,9,4,0,0
CE,12-04-2020,2,9,4,0,0
CE,13-04-2020,1,9,4,0,0
CE,14-04-2020,2,9,4,0,0
CE,15-04-2020,0,9,4,0,0
CE,16-04-2020,0,9,4,0,0
CE,17-04-2020,2,9,4,0,0
CE,18-04-2020,0,9,4,0,0
CE,19-04-2020,0,9,4,0,0
CE,20-04-2020,0,9,4,0,0
CE,21-04-2020,0,9,4,0,0
CE,22-04-2020,0,9,4,0,0
CE,23-04-2020,0,10,4,0,0
CE,24-04-2020,0,10,4,0,0
CE,25-04-2020,0,10,4,0,0
CE,26-04-2020,0,10,4,0,0
CE,27-04-2020,0,10,4,0,0
CE,28-04-2020,1,10,4,0,0
CE,29-04-2020,0,10,4,0,0
CE,30-04-2020,0,10,4,0,0
CE,01-05-2020,0,10,4,0,0
CE,02-05-2020,0,10,4,0,0
CE,03-05-2020,0,10,4,0,0
CE,04-05-2020,0,10,4,0,0
CE,05-05-2020,8,10,4,0,0
CE,06-05-2020,0,10,4,0,0
CE,07-05-2020,0,11,4,0,0
CE,08-05-2020,1,11,4,0,0
CE,09-05-2020,0,11,4,0,0
CE,10-05-2020,0,11,4,0,0
CE,11-05-2020,4,11,4,0,0
CE,12-05-2020,0,11,4,0,0
CE,13-05-2020,2,11,4,0,0
CE,14-05-2020,0,11,4,0,0
CE,15-05-2020,0,11,4,0,0
CE,16-05-2020,0,11,4,0,0
CE,17-05-2020,0,11,4,0,0
CE,18-05-2020,1,11,4,0,0
CE,19-05-2020,2,11,4,0,0
CE,20-05-2020,0,11,4,0,0
VC,20-02-2020,0,26,0,0,0
VC,21-02-2020,0,30,1,0,0
VC,22-02-2020,0,33,1,0,0
VC,23-02-2020,0,38,2,0,0
VC,24-02-2020,0,49,2,0,0
VC,25-02-2020,1,58,2,0,0
VC,26-02-2020,1,63,3,0,0
VC,27-02-2020,6,73,3,0,0
VC,28-02-2020,2,78,3,0,0
VC,29-02-2020,5,85,3,0,0
VC,01-03-2020,0,88,3,0,0
VC,02-03-2020,0,93,3,0,0
VC,03-03-2020,4,105,5,0,0
VC,04-03-2020,0,117,6,0,0
VC,05-03-2020,11,130,8,0,0
VC,06-03-2020,0,138,8,0,0
VC,07-03-2020,7,146,9,0,0
VC,08-03-2020,0,153,9,1,0
VC,09-03-2020,13,171,10,0,0
VC,10-03-2020,15,200,12,0,0
VC,11-03-2020,11,232,15,0,0
VC,12-03-2020,18,271,22,0,0
VC,13-03-2020,36,307,29,3,0
VC,14-03-2020,279,339,37,1,0
VC,15-03-2020,0,390,47,0,0
VC,16-03-2020,132,456,52,8,0
VC,17-03-2020,185,530,65,9,0
VC,18-03-2020,195,647,85,2,0
VC,19-03-2020,184,777,101,9,0
VC,20-03-2020,258,947,129,17,0
VC,21-03-2020,241,1136,152,19,0
VC,22-03-2020,297,1311,181,25,0
VC,23-03-2020,266,1562,222,21,0
VC,24-03-2020,449,1842,255,28,0
VC,25-03-2020,584,2097,289,24,0
VC,26-03-2020,332,2357,325,31,0
VC,27-03-2020,502,2606,348,36,0
VC,28-03-2020,750,2773,375,33,0
VC,29-03-2020,326,2914,393,43,0
VC,30-03-2020,398,3111,416,29,0
VC,31-03-2020,414,3253,434,56,0
VC,01-04-2020,386,3389,449,48,0
VC,02-04-2020,316,3492,460,68,0
VC,03-04-2020,277,3560,470,60,0
VC,04-04-2020,283,3620,478,42,0
VC,05-04-2020,150,3668,487,24,0
VC,06-04-2020,109,3698,492,35,0
VC,07-04-2020,212,3713,496,52,0
VC,08-04-2020,309,3815,541,43,0
VC,09-04-2020,367,3987,561,29,0
VC,10-04-2020,247,4132,565,22,0
VC,11-04-2020,263,4149,567,20,0
VC,12-04-2020,219,4269,576,38,0
VC,13-04-2020,153,4397,581,31,0
VC,14-04-2020,211,4465,588,38,0
VC,15-04-2020,191,4524,625,27,0
VC,16-04-2020,0,4605,632,27,0
VC,17-04-2020,98,4708,636,43,0
VC,18-04-2020,73,4781,643,23,0
VC,19-04-2020,51,4827,646,14,0
VC,20-04-2020,42,4866,648,10,0
VC,21-04-2020,75,4896,649,17,0
VC,22-04-2020,44,4917,650,18,0
VC,23-04-2020,70,4945,651,23,0
VC,24-04-2020,127,4978,653,25,0
VC,25-04-2020,94,5013,654,14,0
VC,26-04-2020,20,5032,656,3,0
VC,27-04-2020,24,5046,659,11,0
VC,28-04-2020,32,5072,662,18,0
VC,29-04-2020,95,5096,663,18,0
VC,30-04-2020,16,5126,694,9,0
VC,01-05-2020,205,5153,695,13,0
VC,02-05-2020,11,5181,698,6,0
VC,03-05-2020,12,5204,700,5,0
VC,04-05-2020,42,5214,701,10,0
VC,05-05-2020,42,5225,701,12,0
VC,06-05-2020,35,5252,704,12,0
VC,07-05-2020,31,5287,706,6,0
VC,08-05-2020,35,5317,709,6,0
VC,09-05-2020,10,5354,716,8,0
VC,10-05-2020,6,5355,716,7,0
VC,11-05-2020,17,5360,717,6,0
VC,12-05-2020,23,5370,717,5,0
VC,13-05-2020,16,5389,717,8,0
VC,14-05-2020,27,5415,721,9,0
VC,15-05-2020,26,5435,722,7,0
VC,16-05-2020,29,5454,723,1,0
VC,17-05-2020,12,5469,725,4,0
VC,18-05-2020,1,5738,727,6,0
VC,19-05-2020,22,5742,727,2,0
VC,20-05-2020,38,5747,730,5,0
EX,20-02-2020,0,0,0,0,0
EX,21-02-2020,0,0,0,0,0
EX,22-02-2020,0,0,0,0,0
EX,23-02-2020,0,0,0,0,0
EX,24-02-2020,0,0,0,0,0
EX,25-02-2020,0,0,0,0,0
EX,26-02-2020,0,0,0,0,0
EX,27-02-2020,0,0,0,0,0
EX,28-02-2020,0,0,0,0,0
EX,29-02-2020,4,0,0,0,0
EX,01-03-2020,2,0,0,0,0
EX,02-03-2020,0,0,0,0,0
EX,03-03-2020,0,0,0,0,0
EX,04-03-2020,0,0,0,0,0
EX,05-03-2020,0,0,0,0,0
EX,06-03-2020,0,0,0,0,0
EX,07-03-2020,0,0,0,0,0
EX,08-03-2020,1,0,0,0,0
EX,09-03-2020,1,0,0,0,0
EX,10-03-2020,1,1,1,1,0
EX,11-03-2020,10,3,1,0,0
EX,12-03-2020,20,3,1,0,0
EX,13-03-2020,27,3,1,1,0
EX,14-03-2020,29,7,1,0,0
EX,15-03-2020,16,9,2,0,0
EX,16-03-2020,42,13,5,1,0
EX,17-03-2020,41,22,6,3,0
EX,18-03-2020,47,33,9,2,0
EX,19-03-2020,56,50,12,2,0
EX,20-03-2020,57,67,13,2,0
EX,21-03-2020,30,97,24,2,0
EX,22-03-2020,109,105,33,4,0
EX,23-03-2020,143,113,40,8,0
EX,24-03-2020,106,217,48,13,0
EX,25-03-2020,227,291,52,19,0
EX,26-03-2020,262,344,54,11,0
EX,27-03-2020,163,406,58,19,0
EX,28-03-2020,62,467,67,12,0
EX,29-03-2020,104,505,71,6,0
EX,30-03-2020,68,561,77,27,0
EX,31-03-2020,51,600,82,19,0
EX,01-04-2020,158,649,83,29,0
EX,02-04-2020,56,706,85,19,0
EX,03-04-2020,86,747,88,8,0
EX,04-04-2020,68,768,91,10,0
EX,05-04-2020,21,808,93,10,0
EX,06-04-2020,48,817,96,30,0
EX,07-04-2020,68,852,98,13,0
EX,08-04-2020,89,958,99,12,0
EX,09-04-2020,59,1003,101,5,0
EX,10-04-2020,154,1052,104,15,0
EX,11-04-2020,94,1074,106,9,0
EX,12-04-2020,78,1096,107,9,0
EX,13-04-2020,26,1114,107,13,0
EX,14-04-2020,78,1155,107,8,0
EX,15-04-2020,0,1186,107,17,0
EX,16-04-2020,75,1212,107,13,0
EX,17-04-2020,7,1240,107,8,0
EX,18-04-2020,10,1278,107,4,0
EX,19-04-2020,19,1306,107,5,0
EX,20-04-2020,0,1327,107,8,0
EX,21-04-2020,0,1349,107,7,0
EX,22-04-2020,23,1375,107,3,0
EX,23-04-2020,3,1413,107,4,0
EX,24-04-2020,0,1447,107,5,0
EX,25-04-2020,18,1480,107,6,0
EX,26-04-2020,13,1490,107,6,0
EX,27-04-2020,2,1505,107,5,0
EX,28-04-2020,13,1526,107,7,0
EX,29-04-2020,21,1550,108,6,0
EX,30-04-2020,26,1565,108,5,0
EX,01-05-2020,13,1592,108,7,0
EX,02-05-2020,20,1603,108,2,0
EX,03-05-2020,5,1618,108,0,0
EX,04-05-2020,3,1629,108,2,0
EX,05-05-2020,13,1650,108,1,0
EX,06-05-2020,12,1664,108,4,0
EX,07-05-2020,23,1678,109,5,0
EX,08-05-2020,7,1695,109,5,0
EX,09-05-2020,5,1711,109,3,0
EX,10-05-2020,6,1725,109,3,0
EX,11-05-2020,1,1737,109,4,0
EX,12-05-2020,2,1754,109,2,0
EX,13-05-2020,4,1761,109,3,0
EX,14-05-2020,8,1772,109,2,0
EX,15-05-2020,11,1772,109,3,0
EX,16-05-2020,3,1775,110,3,0
EX,17-05-2020,1,1775,110,0,0
EX,18-05-2020,90,1779,110,4,0
EX,19-05-2020,2,1780,110,0,0
EX,20-05-2020,2,1780,110,1,0
GA,20-02-2020,0,0,0,0,0
GA,21-02-2020,0,0,0,0,0
GA,22-02-2020,0,0,0,0,0
GA,23-02-2020,0,0,0,0,0
GA,24-02-2020,0,0,0,0,0
GA,25-02-2020,0,0,0,0,0
GA,26-02-2020,0,0,0,0,0
GA,27-02-2020,0,0,0,0,0
GA,28-02-2020,0,0,0,0,0
GA,29-02-2020,0,0,0,0,0
GA,01-03-2020,0,0,0,0,0
GA,02-03-2020,0,0,0,0,0
GA,03-03-2020,1,0,0,0,0
GA,04-03-2020,0,0,0,0,0
GA,05-03-2020,2,0,0,0,0
GA,06-03-2020,0,0,0,0,0
GA,07-03-2020,2,0,0,0,0
GA,08-03-2020,1,0,2,0,0
GA,09-03-2020,16,0,2,0,0
GA,10-03-2020,13,7,2,0,0
GA,11-03-2020,0,7,2,0,0
GA,12-03-2020,50,15,6,0,0
GA,13-03-2020,30,32,6,0,0
GA,14-03-2020,80,32,6,2,0
GA,15-03-2020,50,49,8,0,0
GA,16-03-2020,47,49,12,1,0
GA,17-03-2020,49,63,17,0,0
GA,18-03-2020,112,100,24,1,0
GA,19-03-2020,125,138,34,1,0
GA,20-03-2020,161,168,40,4,0
GA,21-03-2020,176,227,50,3,0
GA,22-03-2020,293,270,62,6,0
GA,23-03-2020,207,338,78,2,0
GA,24-03-2020,238,412,100,7,0
GA,25-03-2020,262,503,107,5,0
GA,26-03-2020,407,557,122,11,0
GA,27-03-2020,450,906,141,4,0
GA,28-03-2020,367,1043,159,13,0
GA,29-03-2020,584,1147,176,6,0
GA,30-03-2020,316,1250,189,18,0
GA,31-03-2020,393,1338,203,19,0
GA,01-04-2020,410,1447,212,17,0
GA,02-04-2020,377,1630,219,18,0
GA,03-04-2020,406,1767,229,21,0
GA,04-04-2020,319,1831,237,15,0
GA,05-04-2020,207,1916,245,16,0
GA,06-04-2020,180,1968,253,14,0
GA,07-04-2020,207,2014,256,9,0
GA,08-04-2020,220,2094,260,18,0
GA,09-04-2020,188,2165,263,12,0
GA,10-04-2020,230,2215,264,18,0
GA,11-04-2020,160,2306,267,13,0
GA,12-04-2020,158,2344,275,10,0
GA,13-04-2020,103,2403,280,6,0
GA,14-04-2020,111,2471,282,9,0
GA,15-04-2020,165,2494,282,11,0
GA,16-04-2020,140,2535,290,10,0
GA,17-04-2020,71,2554,291,14,0
GA,18-04-2020,101,2590,294,12,0
GA,19-04-2020,114,2609,296,6,0
GA,20-04-2020,169,2652,296,8,0
GA,21-04-2020,166,2674,297,8,0
GA,22-04-2020,171,2694,298,7,0
GA,23-04-2020,127,2707,301,7,0
GA,24-04-2020,184,2717,302,6,0
GA,25-04-2020,60,2724,303,6,0
GA,26-04-2020,62,2728,304,11,0
GA,27-04-2020,90,2734,305,7,0
GA,28-04-2020,0,2736,308,139,0
GA,29-04-2020,38,2747,310,0,0
GA,30-04-2020,38,2759,313,7,0
GA,01-05-2020,35,2769,313,5,0
GA,02-05-2020,33,2774,315,6,0
GA,03-05-2020,22,2782,315,6,0
GA,04-05-2020,22,2792,317,4,0
GA,05-05-2020,20,2811,319,9,0
GA,06-05-2020,18,2833,320,3,0
GA,07-05-2020,33,2852,321,1,0
GA,08-05-2020,12,2876,323,3,0
GA,09-05-2020,17,2886,325,1,0
GA,10-05-2020,18,2902,326,1,0
GA,11-05-2020,4,2905,326,1,0
GA,12-05-2020,11,2909,327,1,0
GA,13-05-2020,16,2915,327,4,0
GA,14-05-2020,6,2921,332,0,0
GA,15-05-2020,5,2923,332,1,0
GA,16-05-2020,10,2926,332,2,0
GA,17-05-2020,5,2934,332,1,0
GA,18-05-2020,2,2935,332,0,0
GA,19-05-2020,9,2939,334,0,0
GA,20-05-2020,10,2943,334,1,0
MD,20-02-2020,0,0,0,0,0
MD,21-02-2020,0,0,0,0,0
MD,22-02-2020,0,0,0,0,0
MD,23-02-2020,0,0,0,0,0
MD,24-02-2020,0,0,0,0,0
MD,25-02-2020,1,0,0,0,0
MD,26-02-2020,4,0,0,0,0
MD,27-02-2020,4,0,0,0,0
MD,28-02-2020,10,0,0,0,0
MD,29-02-2020,7,0,0,0,0
MD,01-03-2020,26,0,0,0,0
MD,02-03-2020,43,0,0,0,0
MD,03-03-2020,46,0,0,0,0
MD,04-03-2020,57,0,0,0,0
MD,05-03-2020,112,0,0,0,0
MD,06-03-2020,204,0,0,0,0
MD,07-03-2020,223,0,0,0,0
MD,08-03-2020,265,0,61,16,0
MD,09-03-2020,505,0,120,5,0
MD,10-03-2020,705,571,184,10,0
MD,11-03-2020,730,868,238,25,0
MD,12-03-2020,789,1290,307,25,0
MD,13-03-2020,940,1699,370,5,0
MD,14-03-2020,904,2207,469,127,0
MD,15-03-2020,816,2747,566,0,0
MD,16-03-2020,1261,3314,702,142,0
MD,17-03-2020,1948,3934,850,35,0
MD,18-03-2020,1755,4874,1011,108,0
MD,19-03-2020,2043,6189,1196,130,0
MD,20-03-2020,2323,7535,1401,176,0
MD,21-03-2020,1675,9063,1532,217,0
MD,22-03-2020,1503,10771,1664,242,0
MD,23-03-2020,2669,12053,1813,272,0
MD,24-03-2020,2906,13297,1962,290,0
MD,25-03-2020,2947,15024,2117,265,0
MD,26-03-2020,3374,17093,2272,322,0
MD,27-03-2020,2366,19098,2369,345,0
MD,28-03-2020,1027,21311,2423,325,0
MD,29-03-2020,872,23125,2464,310,0
MD,30-03-2020,2546,23913,2554,211,0
MD,31-03-2020,1802,24553,2627,262,0
MD,01-04-2020,1790,26112,2694,310,0
MD,02-04-2020,1839,27325,2764,308,0
MD,03-04-2020,1741,28420,2821,240,0
MD,04-04-2020,892,29542,2854,218,0
MD,05-04-2020,526,30490,2879,195,0
MD,06-04-2020,1566,31109,2958,235,0
MD,07-04-2020,1397,31554,3002,215,0
MD,08-04-2020,1420,32487,3038,214,0
MD,09-04-2020,955,33278,3061,172,0
MD,10-04-2020,865,33986,3091,112,0
MD,11-04-2020,544,34545,3105,194,0
MD,12-04-2020,341,35053,3122,145,0
MD,13-04-2020,1002,35400,3153,145,0
MD,14-04-2020,1111,35688,3180,156,0
MD,15-04-2020,906,36251,3203,153,0
MD,16-04-2020,853,36851,3214,130,0
MD,17-04-2020,821,37248,3228,125,0
MD,18-04-2020,488,37626,3238,107,0
MD,19-04-2020,207,37970,3248,112,0
MD,20-04-2020,627,38161,3278,109,0
MD,21-04-2020,650,38328,3283,117,0
MD,22-04-2020,707,38620,3288,107,0
MD,23-04-2020,442,38837,3305,81,0
MD,24-04-2020,520,39064,3307,83,0
MD,25-04-2020,236,39217,3308,74,0
MD,26-04-2020,130,39350,3309,64,0
MD,27-04-2020,594,39423,3338,62,0
MD,28-04-2020,500,39850,3355,57,0
MD,29-04-2020,375,40076,3377,71,0
MD,30-04-2020,293,40293,3392,46,0
MD,01-05-2020,181,40457,3404,70,0
MD,02-05-2020,117,40597,3421,40,0
MD,03-05-2020,112,40741,3431,44,0
MD,04-05-2020,332,40851,3442,44,0
MD,05-05-2020,331,41031,3465,46,0
MD,06-05-2020,273,41159,3485,38,0
MD,07-05-2020,240,41304,3493,48,0
MD,08-05-2020,222,41436,3508,46,0
MD,09-05-2020,86,41559,3520,46,0
MD,10-05-2020,52,41650,3529,39,0
MD,11-05-2020,194,41735,3543,37,0
MD,12-05-2020,219,41856,3555,40,0
MD,13-05-2020,209,41962,3564,19,0
MD,14-05-2020,208,42057,3574,30,0
MD,15-05-2020,116,42157,3577,17,0
MD,16-05-2020,24,42227,3584,21,0
MD,17-05-2020,39,42283,3594,16,0
MD,18-05-2020,126,42350,3600,31,0
MD,19-05-2020,139,42422,3610,18,0
MD,20-05-2020,82,42497,3617,19,0
ML,20-02-2020,0,0,0,0,0
ML,21-02-2020,0,0,0,0,0
ML,22-02-2020,0,0,0,0,0
ML,23-02-2020,0,0,0,0,0
ML,24-02-2020,0,0,0,0,0
ML,25-02-2020,0,0,0,0,0
ML,26-02-2020,0,0,0,0,0
ML,27-02-2020,0,0,0,0,0
ML,28-02-2020,0,0,0,0,0
ML,29-02-2020,0,0,0,0,0
ML,01-03-2020,0,0,0,0,0
ML,02-03-2020,0,0,0,0,0
ML,03-03-2020,0,0,0,0,0
ML,04-03-2020,0,0,0,0,0
ML,05-03-2020,0,0,0,0,0
ML,06-03-2020,0,0,0,0,0
ML,07-03-2020,0,0,0,0,0
ML,08-03-2020,0,0,0,0,0
ML,09-03-2020,0,0,0,0,0
ML,10-03-2020,0,0,0,0,0
ML,11-03-2020,0,0,0,0,0
ML,12-03-2020,2,3,0,0,0
ML,13-03-2020,1,3,0,0,0
ML,14-03-2020,5,4,0,0,0
ML,15-03-2020,0,4,0,0,0
ML,16-03-2020,9,4,0,0,0
ML,17-03-2020,3,4,0,0,0
ML,18-03-2020,3,4,0,0,0
ML,19-03-2020,1,5,1,0,0
ML,20-03-2020,1,8,1,0,0
ML,21-03-2020,0,12,1,0,0
ML,22-03-2020,3,12,1,0,0
ML,23-03-2020,0,12,1,0,0
ML,24-03-2020,10,14,2,0,0
ML,25-03-2020,1,16,2,1,0
ML,26-03-2020,3,18,2,0,0
ML,27-03-2020,3,22,2,0,0
ML,28-03-2020,3,24,2,0,0
ML,29-03-2020,3,27,3,0,0
ML,30-03-2020,3,27,3,0,0
ML,31-03-2020,8,32,3,0,0
ML,01-04-2020,0,32,3,0,0
ML,02-04-2020,8,34,3,1,0
ML,03-04-2020,9,37,3,0,0
ML,04-04-2020,4,38,3,0,0
ML,05-04-2020,3,38,3,0,0
ML,06-04-2020,6,40,3,0,0
ML,07-04-2020,1,40,3,0,0
ML,08-04-2020,0,40,3,0,0
ML,09-04-2020,2,41,3,0,0
ML,10-04-2020,3,43,3,0,0
ML,11-04-2020,0,43,3,0,0
ML,12-04-2020,3,43,3,0,0
ML,13-04-2020,0,43,3,0,0
ML,14-04-2020,1,43,3,0,0
ML,15-04-2020,1,43,3,0,0
ML,16-04-2020,1,44,3,0,0
ML,17-04-2020,0,44,3,0,0
ML,18-04-2020,0,44,3,0,0
ML,19-04-2020,0,44,3,0,0
ML,20-04-2020,1,44,3,0,0
ML,21-04-2020,0,44,3,0,0
ML,22-04-2020,1,44,3,0,0
ML,23-04-2020,1,44,3,0,0
ML,24-04-2020,1,44,3,0,0
ML,25-04-2020,2,44,3,0,0
ML,26-04-2020,0,44,3,0,0
ML,27-04-2020,4,44,3,0,0
ML,28-04-2020,0,44,3,0,0
ML,29-04-2020,0,44,3,0,0
ML,30-04-2020,1,44,3,0,0
ML,01-05-2020,0,44,3,0,0
ML,02-05-2020,2,44,3,0,0
ML,03-05-2020,2,44,3,0,0
ML,04-05-2020,0,44,3,0,0
ML,05-05-2020,0,44,3,0,0
ML,06-05-2020,0,44,3,0,0
ML,07-05-2020,0,44,3,0,0
ML,08-05-2020,0,44,3,0,0
ML,09-05-2020,0,44,3,0,0
ML,10-05-2020,0,44,3,0,0
ML,11-05-2020,0,44,3,0,0
ML,12-05-2020,0,44,3,0,0
ML,13-05-2020,0,44,3,0,0
ML,14-05-2020,0,44,3,0,0
ML,15-05-2020,0,44,3,0,0
ML,16-05-2020,2,44,3,0,0
ML,17-05-2020,0,44,3,0,0
ML,18-05-2020,0,44,3,0,0
ML,19-05-2020,0,44,3,0,0
ML,20-05-2020,0,44,3,0,0
MC,20-02-2020,0,0,0,0,0
MC,21-02-2020,0,0,0,0,0
MC,22-02-2020,0,0,0,0,0
MC,23-02-2020,0,0,0,0,0
MC,24-02-2020,0,0,0,0,0
MC,25-02-2020,0,0,0,0,0
MC,26-02-2020,0,0,0,0,0
MC,27-02-2020,0,0,0,0,0
MC,28-02-2020,0,0,0,0,0
MC,29-02-2020,0,0,0,0,0
MC,01-03-2020,0,0,0,0,0
MC,02-03-2020,0,0,0,0,0
MC,03-03-2020,0,0,0,0,0
MC,04-03-2020,0,0,0,0,0
MC,05-03-2020,0,0,0,0,0
MC,06-03-2020,0,0,0,0,0
MC,07-03-2020,1,0,0,0,0
MC,08-03-2020,3,0,0,0,0
MC,09-03-2020,5,0,0,0,0
MC,10-03-2020,2,5,0,0,0
MC,11-03-2020,15,5,1,0,0
MC,12-03-2020,9,8,2,0,0
MC,13-03-2020,12,8,2,0,0
MC,14-03-2020,24,13,2,0,0
MC,15-03-2020,6,13,2,0,0
MC,16-03-2020,20,18,3,0,0
MC,17-03-2020,25,22,4,0,0
MC,18-03-2020,45,36,6,0,0
MC,19-03-2020,37,47,11,0,0
MC,20-03-2020,36,61,14,1,0
MC,21-03-2020,56,78,16,0,0
MC,22-03-2020,49,80,23,1,0
MC,23-03-2020,40,99,26,1,0
MC,24-03-2020,92,127,33,2,0
MC,25-03-2020,119,172,36,3,0
MC,26-03-2020,118,209,53,7,0
MC,27-03-2020,88,231,58,2,0
MC,28-03-2020,70,260,58,3,0
MC,29-03-2020,67,265,58,5,0
MC,30-03-2020,35,283,59,9,0
MC,31-03-2020,67,304,59,3,0
MC,01-04-2020,43,389,68,5,0
MC,02-04-2020,61,405,72,4,0
MC,03-04-2020,43,434,79,5,0
MC,04-04-2020,47,447,80,8,0
MC,05-04-2020,24,468,81,9,0
MC,06-04-2020,0,500,84,10,0
MC,07-04-2020,38,515,86,7,0
MC,08-04-2020,25,533,87,3,0
MC,09-04-2020,16,533,88,2,0
MC,10-04-2020,33,533,88,4,0
MC,11-04-2020,9,537,91,3,0
MC,12-04-2020,7,543,94,4,0
MC,13-04-2020,6,566,96,5,0
MC,14-04-2020,7,574,97,3,0
MC,15-04-2020,16,575,97,2,0
MC,16-04-2020,8,585,99,1,0
MC,17-04-2020,6,611,102,3,0
MC,18-04-2020,8,612,102,1,0
MC,19-04-2020,2,612,103,1,0
MC,20-04-2020,5,614,104,3,0
MC,21-04-2020,10,622,104,3,0
MC,22-04-2020,5,624,104,1,0
MC,23-04-2020,8,625,105,1,0
MC,24-04-2020,0,625,105,1,0
MC,25-04-2020,6,627,106,1,0
MC,26-04-2020,0,627,106,1,0
MC,27-04-2020,1,629,106,2,0
MC,28-04-2020,5,635,106,0,0
MC,29-04-2020,6,637,108,0,0
MC,30-04-2020,2,638,109,2,0
MC,01-05-2020,3,639,110,0,0
MC,02-05-2020,1,641,110,2,0
MC,03-05-2020,0,645,110,0,0
MC,04-05-2020,4,650,111,2,0
MC,05-05-2020,2,650,111,0,0
MC,06-05-2020,3,652,111,1,0
MC,07-05-2020,3,659,112,0,0
MC,08-05-2020,2,662,112,1,0
MC,09-05-2020,2,662,112,1,0
MC,10-05-2020,9,665,112,0,0
MC,11-05-2020,0,665,112,0,0
MC,12-05-2020,8,666,112,3,0
MC,13-05-2020,7,672,112,0,0
MC,14-05-2020,2,675,112,1,0
MC,15-05-2020,8,676,112,1,0
MC,16-05-2020,9,676,112,0,0
MC,17-05-2020,5,678,112,1,0
MC,18-05-2020,2,679,112,0,0
MC,19-05-2020,2,679,112,3,0
MC,20-05-2020,10,680,112,1,0
NC,20-02-2020,0,0,0,0,0
NC,21-02-2020,0,0,0,0,0
NC,22-02-2020,0,0,0,0,0
NC,23-02-2020,0,0,0,0,0
NC,24-02-2020,0,0,0,0,0
NC,25-02-2020,0,0,0,0,0
NC,26-02-2020,0,0,0,0,0
NC,27-02-2020,0,0,0,0,0
NC,28-02-2020,0,0,0,0,0
NC,29-02-2020,1,0,0,0,0
NC,01-03-2020,0,0,0,0,0
NC,02-03-2020,0,0,0,0,0
NC,03-03-2020,2,0,0,0,0
NC,04-03-2020,0,0,0,0,0
NC,05-03-2020,0,0,0,0,0
NC,06-03-2020,0,0,0,0,0
NC,07-03-2020,0,0,0,0,0
NC,08-03-2020,0,0,1,0,0
NC,09-03-2020,9,0,2,0,0
NC,10-03-2020,34,10,3,0,0
NC,11-03-2020,27,17,3,0,0
NC,12-03-2020,57,28,4,0,0
NC,13-03-2020,16,28,4,0,0
NC,14-03-2020,37,34,4,0,0
NC,15-03-2020,91,58,5,1,0
NC,16-03-2020,39,72,10,1,0
NC,17-03-2020,73,93,10,1,0
NC,18-03-2020,96,132,11,1,0
NC,19-03-2020,72,172,19,1,0
NC,20-03-2020,110,222,25,4,0
NC,21-03-2020,130,288,30,5,0
NC,22-03-2020,92,339,40,10,0
NC,23-03-2020,128,405,45,7,0
NC,24-03-2020,183,506,51,2,0
NC,25-03-2020,214,649,54,16,0
NC,26-03-2020,230,732,75,9,0
NC,27-03-2020,188,827,84,12,0
NC,28-03-2020,182,896,90,14,0
NC,29-03-2020,135,955,96,18,0
NC,30-03-2020,159,1035,99,11,0
NC,31-03-2020,192,1120,104,17,0
NC,01-04-2020,185,1181,108,11,0
NC,02-04-2020,154,1284,119,10,0
NC,03-04-2020,136,1341,120,20,0
NC,04-04-2020,101,1399,123,7,0
NC,05-04-2020,158,1432,124,9,0
NC,06-04-2020,124,1488,124,15,0
NC,07-04-2020,112,1526,124,4,0
NC,08-04-2020,108,1526,124,8,0
NC,09-04-2020,173,1620,124,4,0
NC,10-04-2020,69,1641,124,9,0
NC,11-04-2020,152,1663,124,5,0
NC,12-04-2020,123,1693,124,7,0
NC,13-04-2020,58,1705,124,10,0
NC,14-04-2020,96,1731,124,3,0
NC,15-04-2020,102,1752,124,9,0
NC,16-04-2020,85,1781,124,77,0
NC,17-04-2020,0,1829,127,16,0
NC,18-04-2020,64,1843,127,15,0
NC,19-04-2020,36,1856,128,16,0
NC,20-04-2020,26,1877,128,12,0
NC,21-04-2020,56,1894,128,4,0
NC,22-04-2020,46,1907,129,8,0
NC,23-04-2020,4,1915,129,8,0
NC,24-04-2020,46,1937,129,12,0
NC,25-04-2020,85,1942,129,2,0
NC,26-04-2020,21,1942,130,1,0
NC,27-04-2020,26,1945,130,0,0
NC,28-04-2020,35,1951,130,16,0
NC,29-04-2020,21,1965,132,3,0
NC,30-04-2020,33,1977,132,7,0
NC,01-05-2020,40,1979,132,2,0
NC,02-05-2020,14,1986,133,2,0
NC,03-05-2020,16,1990,133,4,0
NC,04-05-2020,18,1995,134,5,0
NC,05-05-2020,30,2005,135,5,0
NC,06-05-2020,17,2015,135,4,0
NC,07-05-2020,23,2015,135,4,0
NC,08-05-2020,33,2021,135,3,0
NC,09-05-2020,13,2023,135,1,0
NC,10-05-2020,13,2029,135,2,0
NC,11-05-2020,16,2039,135,3,0
NC,12-05-2020,13,2042,135,1,0
NC,13-05-2020,11,2045,135,4,0
NC,14-05-2020,11,2045,136,2,0
NC,15-05-2020,21,2045,136,1,0
NC,16-05-2020,11,2045,136,2,0
NC,17-05-2020,30,2045,136,0,0
NC,18-05-2020,5,2045,136,0,0
NC,19-05-2020,9,2048,136,0,0
NC,20-05-2020,3,2048,136,3,0
PV,20-02-2020,0,0,0,0,0
PV,21-02-2020,0,0,0,0,0
PV,22-02-2020,0,0,0,0,0
PV,23-02-2020,0,0,0,0,0
PV,24-02-2020,0,0,0,0,0
PV,25-02-2020,0,0,0,0,0
PV,26-02-2020,0,0,0,0,0
PV,27-02-2020,0,0,0,0,0
PV,28-02-2020,2,0,0,0,0
PV,29-02-2020,1,0,0,0,0
PV,01-03-2020,6,0,0,0,0
PV,02-03-2020,4,0,0,0,0
PV,03-03-2020,4,0,0,0,0
PV,04-03-2020,0,0,0,0,0
PV,05-03-2020,28,0,0,0,0
PV,06-03-2020,0,0,0,0,0
PV,07-03-2020,25,0,0,0,0
PV,08-03-2020,79,0,5,6,0
PV,09-03-2020,46,0,5,0,0
PV,10-03-2020,30,102,15,0,0
PV,11-03-2020,121,146,18,5,0
PV,12-03-2020,71,179,20,3,0
PV,13-03-2020,104,179,22,0,0
PV,14-03-2020,109,262,29,9,0
PV,15-03-2020,0,262,29,0,0
PV,16-03-2020,135,309,33,13,0
PV,17-03-2020,208,353,37,4,0
PV,18-03-2020,217,455,44,13,0
PV,19-03-2020,275,550,53,18,0
PV,20-03-2020,260,654,71,14,0
PV,21-03-2020,372,988,81,12,0
PV,22-03-2020,324,1252,92,23,0
PV,23-03-2020,307,1425,106,13,0
PV,24-03-2020,543,1577,119,22,0
PV,25-03-2020,675,1907,137,25,0
PV,26-03-2020,655,2270,154,27,0
PV,27-03-2020,535,2612,176,34,0
PV,28-03-2020,604,3106,271,24,0
PV,29-03-2020,317,3427,293,32,0
PV,30-03-2020,263,3594,307,28,0
PV,31-03-2020,518,3806,324,44,0
PV,01-04-2020,479,4087,344,43,0
PV,02-04-2020,510,4283,363,32,0
PV,03-04-2020,360,4522,377,33,0
PV,04-04-2020,441,4666,404,38,0
PV,05-04-2020,182,4794,410,33,0
PV,06-04-2020,164,4856,417,38,0
PV,07-04-2020,418,4982,430,49,0
PV,08-04-2020,348,5130,433,54,0
PV,09-04-2020,252,5290,442,40,0
PV,10-04-2020,321,5402,453,36,0
PV,11-04-2020,201,5547,459,39,0
PV,12-04-2020,160,5622,464,27,0
PV,13-04-2020,171,5679,470,28,0
PV,14-04-2020,169,5750,471,43,0
PV,15-04-2020,189,5863,478,54,0
PV,16-04-2020,200,5939,484,36,0
PV,17-04-2020,150,6030,490,28,0
PV,18-04-2020,178,6086,499,42,0
PV,19-04-2020,58,6109,501,19,0
PV,20-04-2020,54,6141,507,22,0
PV,21-04-2020,131,6201,513,21,0
PV,22-04-2020,120,6260,516,43,0
PV,23-04-2020,110,6315,518,26,0
PV,24-04-2020,162,6375,525,19,0
PV,25-04-2020,89,6426,533,18,0
PV,26-04-2020,58,6457,538,11,0
PV,27-04-2020,51,6482,539,14,0
PV,28-04-2020,55,6522,540,19,0
PV,29-04-2020,82,6561,541,22,0
PV,30-04-2020,123,6607,544,16,0
PV,01-05-2020,75,6659,551,9,0
PV,02-05-2020,45,6692,553,8,0
PV,03-05-2020,12,6719,554,12,0
PV,04-05-2020,31,6736,556,12,0
PV,05-05-2020,34,6781,559,11,0
PV,06-05-2020,33,6797,561,19,0
PV,07-05-2020,50,6818,566,7,0
PV,08-05-2020,57,6865,568,13,0
PV,09-05-2020,32,6902,571,15,0
PV,10-05-2020,10,6922,573,5,0
PV,11-05-2020,28,6929,574,6,0
PV,12-05-2020,29,6955,575,13,0
PV,13-05-2020,43,6994,577,12,0
PV,14-05-2020,29,7009,578,0,0
PV,15-05-2020,16,7011,578,1,0
PV,16-05-2020,16,7015,578,4,0
PV,17-05-2020,7,7016,578,7,0
PV,18-05-2020,15,7021,578,4,0
PV,19-05-2020,26,7024,578,10,0
PV,20-05-2020,9,7032,578,3,0
RI,20-02-2020,0,0,0,0,0
RI,21-02-2020,0,0,0,0,0
RI,22-02-2020,0,0,0,0,0
RI,23-02-2020,0,0,0,0,0
RI,24-02-2020,0,0,0,0,0
RI,25-02-2020,0,0,0,0,0
RI,26-02-2020,0,0,0,0,0
RI,27-02-2020,0,0,0,0,0
RI,28-02-2020,0,0,0,0,0
RI,29-02-2020,0,0,0,0,0
RI,01-03-2020,1,0,0,0,0
RI,02-03-2020,1,0,0,0,0
RI,03-03-2020,5,0,0,0,0
RI,04-03-2020,10,0,0,0,0
RI,05-03-2020,12,0,0,0,0
RI,06-03-2020,18,0,0,0,0
RI,07-03-2020,23,0,0,0,0
RI,08-03-2020,32,0,1,0,0
RI,09-03-2020,53,0,1,1,0
RI,10-03-2020,30,13,1,1,0
RI,11-03-2020,35,21,1,0,0
RI,12-03-2020,39,27,2,1,0
RI,13-03-2020,33,38,2,0,0
RI,14-03-2020,8,58,7,0,0
RI,15-03-2020,12,64,13,1,0
RI,16-03-2020,43,82,13,1,0
RI,17-03-2020,64,99,13,0,0
RI,18-03-2020,49,121,15,0,0
RI,19-03-2020,29,122,15,2,0
RI,20-03-2020,67,128,17,8,0
RI,21-03-2020,90,134,17,3,0
RI,22-03-2020,93,166,22,4,0
RI,23-03-2020,55,206,24,8,0
RI,24-03-2020,126,254,33,7,0
RI,25-03-2020,67,316,36,6,0
RI,26-03-2020,241,388,43,12,0
RI,27-03-2020,200,458,43,10,0
RI,28-03-2020,193,497,43,3,0
RI,29-03-2020,104,517,43,3,0
RI,30-03-2020,77,575,51,14,0
RI,31-03-2020,150,619,54,5,0
RI,01-04-2020,123,660,57,11,0
RI,02-04-2020,141,738,64,8,0
RI,03-04-2020,181,805,64,19,0
RI,04-04-2020,187,855,66,6,0
RI,05-04-2020,127,888,66,7,0
RI,06-04-2020,127,918,66,19,0
RI,07-04-2020,105,955,68,17,0
RI,08-04-2020,75,997,69,5,0
RI,09-04-2020,50,1047,71,14,0
RI,10-04-2020,147,1082,73,11,0
RI,11-04-2020,56,1122,73,12,0
RI,12-04-2020,79,1141,73,4,0
RI,13-04-2020,62,1152,74,11,0
RI,14-04-2020,37,1182,75,12,0
RI,15-04-2020,82,1207,75,11,0
RI,16-04-2020,8,1226,76,5,0
RI,17-04-2020,36,1249,78,10,0
RI,18-04-2020,53,1268,79,5,0
RI,19-04-2020,28,1282,79,8,0
RI,20-04-2020,20,1297,81,9,0
RI,21-04-2020,20,1318,81,4,0
RI,22-04-2020,37,1331,82,5,0
RI,23-04-2020,49,1344,82,4,0
RI,24-04-2020,31,1360,83,4,0
RI,25-04-2020,40,1380,84,4,0
RI,26-04-2020,31,1392,85,5,0
RI,27-04-2020,5,1400,87,6,0
RI,28-04-2020,13,1413,87,4,0
RI,29-04-2020,8,1424,88,2,0
RI,30-04-2020,18,1433,88,1,0
RI,01-05-2020,11,1439,88,1,0
RI,02-05-2020,5,1446,88,1,0
RI,03-05-2020,9,1449,88,0,0
RI,04-05-2020,6,1452,90,1,0
RI,05-05-2020,13,1458,91,1,0
RI,06-05-2020,6,1463,91,1,0
RI,07-05-2020,6,1469,91,4,0
RI,08-05-2020,8,1473,91,2,0
RI,09-05-2020,8,1474,91,2,0
RI,10-05-2020,0,1475,91,0,0
RI,11-05-2020,0,1478,91,1,0
RI,12-05-2020,1,1481,91,1,0
RI,13-05-2020,5,1484,91,0,0
RI,14-05-2020,2,1488,91,0,0
RI,15-05-2020,4,1490,91,0,0
RI,16-05-2020,4,1496,91,1,0
RI,17-05-2020,0,1496,91,2,0
RI,18-05-2020,3,1498,91,1,0
RI,19-05-2020,6,1499,91,1,0
RI,20-05-2020,0,1504,91,1,0
